campaign_name,ad_group_name
lol_uk_brand_summer-sale,lol_uk_brd_gamers
val_us_gen_launch_q3,val_us_phr_students_mob
cs2_de_comp_rival-promo,cs2_de_exa_fans-retarget
dota_fr_brand_ti-hype_q4,dota_fr_brd_lookalike_dsk
rl_uk_gen_season-pass,rl_uk_phr_returning
lol_us_comp_evergreen,lol_us_exa_high-value
val_de_brand_champions,val_de_brd_new-users
fortnite_uk_brand_summer-sale,lol_uk_broad_gamers
lol_uk_brand,lol_uk_brd_gamers_mob_extra
cs2_uk_gen_rival/promo,lol_uk_brd_gamers?uk
val_us_gen_this-theme-name-is-far-too-long,val_us_phr_students-in-their-twenties
lol_uk_brand_q1_summer-sale,lol_uk_brd_mob_gamers
